<?xml version="1.0" encoding="UTF-8"?>
<!DOCTYPE hibernate-configuration PUBLIC "-//Hibernate/Hibernate Configuration DTD 3.0//EN" 
	"http://hibernate.sourceforge.net/hibernate-configuration-3.0.dtd" >
<hibernate-configuration>
	<session-factory>
		<property name="connection.driver_class">com.mysql.jdbc.Driver</property>
		<property name="dialect">org.hibernate.dialect.MySQLDialect</property>
		<property name="hibernate.connection.provider_class">org.hibernate.connection.C3P0ConnectionProvider</property>
    	<property name="hibernate.c3p0.acquireIncrement">10</property>
		<property name="hibernate.c3p0.max_size">250</property>
		<property name="hibernate.c3p0.min_size">10</property>
		<property name="hibernate.c3p0.timeout">1800</property>
		<property name="hibernate.c3p0.max_statements">100</property>
		<property name="hibernate.c3p0.numHelperThreads">3</property>
		<property name="hibernate.c3p0.idle_test_period">300</property>
		<property name="hibernate.c3p0.acquire_increment">5</property>
		<property name="hibernate.c3p0.maxIdleTime">600</property> 
		<property name="hibernate.c3p0.idleConnectionTestPeriod">60</property> 
		
		<property name="current_session_context_class">thread</property>
		<property name="hbm2ddl.auto">none</property>
		<property name="show_sql">false</property>
		<property name="connection.useUnicode">true</property>
	</session-factory>
</hibernate-configuration>